"","code","id","grade","billing_role","region","job_family","designation","grade_exists","value","fte","billing_role_cleaned","Increase_in_capacity","business_group"
"1","004e1c868c2ada0a52ff7daf4c2bf606",195,"TA16","Principal Engineer","Non EU: Ukraine","Technology","Principal Architect","True",11500,1,"Principal Engineer",27.25,"GlobalLogic Ukraine BG"
"2","00dcf8b03d4d071fd56be486709be71d",271,"TE10","Senior Engineer II Noida-off","India","Engineering","Consultant","True",7200,1,"Senior Engineer II",23.39,"GlobalLogic India BG"
"3","0205258a27b5228f442efac4f90a75e9",105,"TE00","Analyst I","EU: Cro / Pol / Slo / Rom","Engineering","Trainee Software Engineer","False",7525,1,"Analyst I",21,"GlobalLogic Poland BG"
"4","022e0747ee019e72f84e5b97b1cc3a2d",67,"TS08","Senior Engineer","India","Product Support","Associate Consultant","False",5726,1,"Senior Engineer I",23.39,"GlobalLogic India BG"
"5","02d23872060937d43f91684d56561fda",69,"TE06","Senior Engineer (LATAM)","Argentina","Engineering","Software Engineer","True",7300,1,"Engineer II",23.39,"GlobalLogic Argentina BG"
"6","0366b5eb6e74f13e65440bf96c429cb9",281,"TT08","Senior Analyst I","Non EU: Ukraine","Quality Assurance","Senior Test Engineer","True",8100,1,"Senior Analyst I",21,"GlobalLogic Ukraine BG"
"7","04c4778cf5fc1f817b61b7e86c325dc9",333,"TE12","Senior Engineer I","EU: Cro / Pol / Slo / Rom","Engineering","Manager","True",12900,1,"Senior Engineer I",23.39,"GlobalLogic Croatia BG"
"8","04f6907760b702f9097d2d7733cebda9",25,"TE08","Senior Engineer I","Non EU: Ukraine","Engineering","Senior Software Engineer","True",8600,1,"Senior Engineer I",23.39,"GlobalLogic Ukraine BG"
"9","05e3e04b278b6e5bc0059ca8860807e7",80,"TS06","Engineer II","Non EU: Ukraine","Product Support","Engineer","False",8799,1,"Engineer II",23.39,"GlobalLogic Ukraine BG"
"10","062bf614d20ee2bb961ebcc7284d5934",256,"TE14","Project Manager","UK&I","Engineering","Senior Consultant","True",30600,1,"Project Manager",15.48,"GlobalLogic UK BG"
"11","06ee777fd2d6b036b5582806b500d83a",14,"TE14","Data Science Engineer","UK&I","Engineering","Senior Consultant","True",30600,1,"Data Science Engineer",23.39,"GlobalLogic UK BG"
"12","0a166f0c60dde7b5d9b17071b8bcb502",18,"TB12","Principal Engineer","India","Business Solutions","Senior Consultant","False",9416,1,"Principal Engineer",27.25,"GlobalLogic India BG"
"13","0a30983b1823ad9228ec88b3cf5b69a8",261,"TE08","Senior Engineer I","India","Engineering","Associate Consultant","True",6300,1,"Senior Engineer I",23.39,"GlobalLogic India BG"
"14","0ae8ac6e3a063998f82c51644d75d570",79,"TE04","Quality Engineer","India","Engineering","Software Engineer","True",4400,1,"Engineer I",23.39,"GlobalLogic India BG"
"15","0b541d1b7ccb29f52f71f053ef9a4eb3",204,"TE06","Software Developer 1 Core","India","Engineering","Senior Software Engineer","True",5300,1,"Senior Engineer I",23.39,"GlobalLogic India BG"
"16","0ba8a01e2ddba9702133709c24420486",334,"TE08","Junior Devops","UK&I","Engineering","Senior Software Engineer","True",23600,1,"Senior Engineer I",23.39,"GlobalLogic UK BG"
"17","0d532805ecd3c504a125024e4815dee3",224,"TW08","Senior Engineer","India","Technical Writing","Associate Consultant","False",5736,1,"Senior Engineer II",23.39,"GlobalLogic India BG"
"18","0e3445f80e2c698d97239ca546d727a8",81,"TE08","Designer","UK&I","Engineering","Senior Software Engineer","True",23600,1,"UI/UX Designer",21.21,"GlobalLogic UK BG"
"19","0ec8103b4b39f0a7a58226227a25b5ff",155,"TE14","Designer","UK&I","Engineering","Senior Consultant","True",30600,1,"UI/UX Designer",21.21,"GlobalLogic UK BG"
"20","0f21c50632d844b59980e3dc8a7ada49",329,"TD08","Senior Engineer I","Non EU: Ukraine","Usability and Design","Senior Designer","False",9280,1,"UI/UX Designer",21.21,"GlobalLogic Ukraine BG"
"21","11714a3a9f643d8d612c2374d1d367d0",276,"TE08","Senior Engineer I","India","Engineering","Associate Consultant","True",6300,1,"Senior Engineer I",23.39,"GlobalLogic India BG"
"22","12da9677bcf81962deef886511de107c",237,"TE08","Senior Engineer II","India","Engineering","Associate Consultant","True",6300,1,"Senior Engineer II",23.39,"GlobalLogic India BG"
"23","15ea7076675618f9189aecc7a2ac656d",101,"TE04","Engineer I","India","Engineering","Software Engineer","True",4400,1,"Engineer I",23.39,"GlobalLogic India BG"
"24","16366018c2737e402c0816e0dc7ad316",100,"TA16","Lead Architect","North America Zone 1*","Technology","Principal Architect","True",32400,1,"Solutions Architect",27.25,"GlobalLogic US BG"
"25","167d2b2b43f7224b01827ccaf7041376",147,"TE14","Principal Engineer","Non EU: Ukraine","Engineering","Senior Manager","True",11500,1,"Principal Engineer",27.25,"GlobalLogic Ukraine BG"
"26","187f9144a932dfd825b87fcba82f4f9f",167,"TE08","Engineer I","India","Engineering","Associate Consultant","True",6300,1,"Engineer I",23.39,"GlobalLogic India BG"
"27","18e0257c3d8d7b98c4771915d73caa20",136,"CONT","Principal Engineer","EU: Cro / Pol / Slo / Rom","Engineering","","False",8572,1,"Principal Engineer",27.25,"GlobalLogic Poland BG"
"28","1978080e533f80cbce6ee31f63837a1b",158,"TE12","Principal Engineer","Non EU: Ukraine","Engineering","Manager","True",11500,1,"Principal Engineer",27.25,"GlobalLogic Ukraine BG"
"29","1b4082ab9543cc4aa7b9a2f41c22a5d2",179,"TE10","Senior Engineer II","India","Engineering","Consultant","True",7200,1,"Senior Engineer II",23.39,"GlobalLogic India BG"
"30","1c16b765b4db48a944f61cff43f7de68",116,"TE10","Scrum Master","India","Engineering","Consultant","True",7200,1,"Scrum Master",15.48,"GlobalLogic India BG"
"31","1ce4bf2213054e658d1382fc4e96c903",139,"TE10","Senior Engineer I","India","Engineering","Consultant","True",7200,1,"Senior Engineer I",23.39,"GlobalLogic India BG"
"32","1d670fea3d7cfd453852af27648f689d",142,"TE08","Engineer II","India","Engineering","Associate Consultant","True",6300,1,"Engineer II",23.39,"GlobalLogic India BG"
"33","1f5c63c4d1f704985051ba90ae244614",7,"TT08","Senior Tester","India","Quality Assurance","Associate Consultant","True",5700,1,"Senior Test Engineer I",21,"GlobalLogic India BG"
"34","1fa8793563e64526b1c3ee9999fb3a3d",141,"TE08","Senior Engineer I","EU: Cro / Pol / Slo / Rom","Engineering","Team Lead","True",9800,1,"Senior Engineer I",23.39,"GlobalLogic Poland BG"
"35","1fc23bdfd3a96585403ab9916f87ad9d",35,"TE10","Senior Engineer II","Argentina","Engineering","Associate Specialist Engineer","True",10200,1,"Senior Engineer II",23.39,"GlobalLogic Argentina BG"
"36","228a9ecf9456a8c5971274e2f02e74e3",43,"TE08","Senior Engineer II","India","Engineering","Associate Consultant","True",6300,1,"Senior Engineer II",23.39,"GlobalLogic India BG"
"37","231f7285399af52a0927e306d7a6d2c0",332,"TE10","Undefined","North America Zone 1*","Engineering","Lead Software Engineer","True",26500,1,"Senior Engineer II",23.39,"GlobalLogic US BG"
"38","237d6c8dfb84af95b24e6231305a567c",2,"TW08","Senior Engineer II","India","Technical Writing","Associate Consultant","False",5736,1,"Senior Engineer II",23.39,"GlobalLogic India BG"
"39","25f9dac198cb040f491ca08a8c5f324f",201,"TE08","Senior Engineer I","Non EU: Ukraine","Engineering","Senior Software Engineer","True",8600,1,"Senior Engineer I",23.39,"GlobalLogic Ukraine BG"
"40","26695787efe6f843c4610a3858583d0b",234,"TE06","Developer - Backend","India","Engineering","Senior Software Engineer","True",5300,1,"Senior Engineer I",23.39,"GlobalLogic India BG"
"41","26c1f790e7f03545b46bd0441ece2dc3",218,"TE10","Senior Engineer","India","Engineering","Consultant","True",7200,1,"Principal Engineer",27.25,"GlobalLogic India BG"
"42","27ab4d81459e5c8dcb2c43975e33e2cd",135,"TE08","Senior Engineer I","EU: Cro / Pol / Slo / Rom","Engineering","Senior Software Engineer","True",9800,1,"Senior Engineer I",23.39,"GlobalLogic Poland BG"
"43","280d2da5d36c4f4eeba00d011d780eb3",92,"TE08","Principal IND","India","Engineering","Associate Consultant","True",6300,1,"Principal Engineer",27.25,"GlobalLogic India BG"
"44","280e8db910cd2debf3d6baec1abb7089",98,"TE10","Senior Engineer","India","Engineering","Consultant","True",7200,1,"Principal Engineer",27.25,"GlobalLogic India BG"
"45","28c8322883095cb77abb57b98b89aa74",295,"CONT","Senior Engineer II","EU: Cro / Pol / Slo / Rom","Quality Assurance","","False",9139,1,"Senior Engineer II",23.39,"GlobalLogic Romania BG"
"46","28f8cd8bc20d734a7b586194d05b4387",157,"TE08","Senior Engineer I","Non EU: Ukraine","Engineering","Senior Software Engineer","True",8600,1,"Senior Engineer I",23.39,"GlobalLogic Ukraine BG"
"47","2928f78374d23f2d6b2f4a960fe57783",294,"CONT","Senior Engineer I","EU: Cro / Pol / Slo / Rom","Engineering","","False",9084,1,"Senior Engineer I",23.39,"GlobalLogic Poland BG"
"48","29d0c0846e276504a2db11b21cef2080",77,"TE08","Senior Engineer I","Non EU: Ukraine","Engineering","Senior Software Engineer","True",8600,1,"Senior Engineer I",23.39,"GlobalLogic Ukraine BG"
"49","29e9fb06c03fbd3bb2f01bec2cc5dd3a",29,"TE14","Principal Engineer","Non EU: Ukraine","Engineering","Senior Manager","True",11500,1,"Principal Engineer",27.25,"GlobalLogic Ukraine BG"
"50","2a90c2779c167a0cbe3a8333abae80e2",317,"TE08","Senior Engineer I","EU: Cro / Pol / Slo / Rom","Engineering","Senior Software Engineer","True",9800,1,"Senior Engineer I",23.39,"GlobalLogic Croatia BG"
"51","2c376dfa3aedc9b651be7136a50a1a7f",20,"TE10","Senior Engineer","India","Engineering","Consultant","True",7200,1,"Principal Engineer",27.25,"GlobalLogic India BG"
"52","2df07db240fe752c863930916d4b73e3",232,"TE12","Principal Engineer","India","Engineering","Manager","True",9600,1,"Principal Engineer",27.25,"GlobalLogic India BG"
"53","2e12d2c6e6b61929ef0d2f83bdcbc446",70,"TE06","Engineer II","EU: Cro / Pol / Slo / Rom","Engineering","Software Engineer","True",8200,1,"Engineer II",23.39,"GlobalLogic Poland BG"
"54","2ea08b2b40d0a68397d3aace17584628",175,"TE08","Senior Engineer I","India","Engineering","Associate Consultant","True",6300,1,"Senior Engineer I",23.39,"GlobalLogic India BG"
"55","3006a92628082d92944e64cfea20f732",107,"TE14","Senior Engineer I","EU: Cro / Pol / Slo / Rom","Engineering","Senior Manager","True",12900,1,"Senior Engineer I",23.39,"GlobalLogic Croatia BG"
"56","306da215f29314ed4b51d7d257095eb0",301,"TE04","Trainee Software Engineer","India","Engineering","Software Engineer","True",4400,1,"Engineer I",23.39,"GlobalLogic India BG"
"57","30beba88b9c3cb51fbc9b2a09e27cf8f",60,"TE12","Solutions Architect","UK&I","Engineering","Consultant","True",30600,1,"Solutions Architect",27.25,"GlobalLogic UK BG"
"58","3152d8e24a47177e56129dde2b2d2ea2",24,"CONT","Senior Engineer I","EU: Cro / Pol / Slo / Rom","Engineering","","False",9084,1,"Senior Engineer I",23.39,"GlobalLogic Romania BG"
"59","3165728d7c74e9713638447dd52cb0ca",34,"TA20","Principal Engineer","Non EU: Ukraine","Technology","Vice President","True",11500,1,"Principal Engineer",27.25,"GlobalLogic Ukraine BG"
"60","317803fbb9b05f01eedef3298003d45e",304,"TE06","Senior Engineer II","India","Engineering","Senior Software Engineer","True",5300,1,"Senior Engineer II",23.39,"GlobalLogic India BG"
"61","33546476d347fd5d51b521a44c0a0396",249,"TT08","Analyst","India","Quality Assurance","Associate Consultant","True",5700,1,"Analyst I",21,"GlobalLogic India BG"
"62","33a1c2636f9ecdf0869397b299554f38",282,"TT06","Analyst II","Non EU: Ukraine","Quality Assurance","Test Engineer","True",7100,1,"Analyst II",21,"GlobalLogic Ukraine BG"
"63","3428b9e6cedaf821abee33b1b96e2b3f",302,"TE08","Engineer II","India","Engineering","Associate Consultant","True",6300,1,"Engineer II",23.39,"GlobalLogic India BG"
"64","344305f0853bd70ce8e1779f111da29a",330,"TE06","Senior Engineer I","India","Engineering","Senior Software Engineer","True",5300,1,"Senior Engineer I",23.39,"GlobalLogic India BG"
"65","352d1cffff15a6ef2d3b579401f8ac76",99,"TE14","Program Manager","UK&I","Engineering","Senior Consultant","True",30600,1,"Program Manager",15.48,"GlobalLogic UK BG"
"66","38aff16b303519924a173dc3267514ce",170,"TE04","Engineer II","India","Engineering","Software Engineer","True",4400,1,"Engineer I",23.39,"GlobalLogic India BG"
"67","391c8f2a2e95b4099474f8b05848a9c8",102,"TE04","Engineer I","India","Engineering","Software Engineer","True",4400,1,"Engineer I",23.39,"GlobalLogic India BG"
"68","39243b5efd6a07f2aaaf0654525e2e03",47,"TE04","SDE1","India","Engineering","Software Engineer","True",4400,1,"Engineer I",23.39,"GlobalLogic India BG"
"69","396a1d1b3ec3e533df41726ac5353a62",12,"TD04","Experience Designer","UK&I","Usability and Design","Junior Designer","False",28970,1,"UI/UX Designer",21.21,"GlobalLogic UK BG"
"70","39ba546719d8d8a43ab218029905baa0",311,"TE10","Principal Engineer I","India","Engineering","Consultant","True",7200,1,"Principal Engineer",27.25,"GlobalLogic India BG"
"71","3b4abd68347dbbc11d39a31ceb2a3f2d",297,"TT08","Undefined","India","Quality Assurance","Associate Consultant","True",5700,1,"Senior Analyst II",21,"GlobalLogic India BG"
"72","3bdde9e75bae4a0604aef42f93bae90d",278,"TE08","Senior Engineer I","India","Engineering","Associate Consultant","True",6300,1,"Senior Engineer I",23.39,"GlobalLogic India BG"
"73","3c388fc95909f8a6d8d247d0fe86d2f5",251,"TE02","Junior Engineer","India","Engineering","Associate Software Engineer","True",4400,1,"Junior Engineer",23.39,"GlobalLogic India BG"
"74","3c58c88de04a64a723c75c9ad0a408c9",76,"TT08","Senior Engineer I","Non EU: Ukraine","Quality Assurance","Senior Test Engineer","True",8100,1,"Senior Test Engineer I",21,"GlobalLogic Ukraine BG"
"75","3e0d3d8378ceaf095e688504be48cba1",57,"TE10","Principal Engineer","Non EU: Ukraine","Engineering","Lead Software Engineer","True",9800,1,"Principal Engineer",27.25,"GlobalLogic Ukraine BG"
"76","3f5e56b6c7fadb1835effc757abc6b8e",16,"TB10","Senior Engineer II","Non EU: Ukraine","Business Solutions","Lead Analyst","False",9789,1,"Senior Engineer II",23.39,"GlobalLogic Ukraine BG"
"77","3fdd3e5ece8fb0775791f21d13fd32fc",148,"TE10","Senior Engineer II","Non EU: Ukraine","Engineering","Associate Manager","True",9800,1,"Senior Engineer II",23.39,"GlobalLogic Ukraine BG"
"78","42bc3395836b32e334b837026e20dbc7",279,"TE04","Engineer I","India","Engineering","Software Engineer","True",4400,1,"Engineer I",23.39,"GlobalLogic India BG"
"79","438591d87e820a12f6702691942719c7",292,"TB14","Principal Engineer I","India","Business Solutions","Specialist","False",9259,1,"Principal Engineer",27.25,"GlobalLogic India BG"
"80","43bd52cfb9fd99ec3d31dcefda542b60",114,"TE12","Senior Engineer II","EU: Cro / Pol / Slo / Rom","Engineering","Manager","True",12900,1,"Senior Engineer II",23.39,"GlobalLogic Poland BG"
"81","43d79fc44f54d646a1f9e21077654bde",197,"TE12","Devops","North America Zone 1*","Engineering","Specialist Engineer","True",32400,1,"Devops",23.39,"GlobalLogic US BG"
"82","444764bfce7377c37276a1c3f437408c",108,"TE08","Senior Engineer I","Non EU: Ukraine","Engineering","Senior Software Engineer","True",8600,1,"Senior Engineer I",23.39,"GlobalLogic Ukraine BG"
"83","454175d15cf1d67aea5d6669bd016cc4",78,"TE04","Engineer I","India","Engineering","Software Engineer","True",4400,1,"Engineer I",23.39,"GlobalLogic India BG"
"84","4612a81dabb895a70596dd76bba4d6c5",198,"TE08","Senior Engineer I","Non EU: Ukraine","Engineering","Senior Software Engineer","True",8600,1,"Senior Engineer I",23.39,"GlobalLogic Ukraine BG"
"85","4814659a0e18d49e2f02df48e75cd6a6",265,"TT08","Senior Engineer I","Non EU: Ukraine","Quality Assurance","Senior Test Engineer","True",8100,1,"Senior Test Engineer I",21,"GlobalLogic Ukraine BG"
"86","488de10e4f72e5e704859c7828d97b12",257,"TE14","Principal Engineer","India","Engineering","Senior Manager","True",9600,1,"Principal Engineer",27.25,"GlobalLogic India BG"
"87","497dc3496cb8dec3f28e809ba564c0d6",120,"TA22","Chief Architect - USA - ON","North America Zone 1*","Technology","Senior Vice President","True",32400,1,"Solutions Architect",27.25,"GlobalLogic US BG"
"88","4988acdc4238e8e031be47c317c13851",8,"TE06","Senior Engineer","India","Engineering","Senior Software Engineer","True",5300,1,"Senior Engineer I",23.39,"GlobalLogic India BG"
"89","49ed9e70a1e8f98dbe5452c3c216b200",10,"TE10","Senior Engineer II","India","Engineering","Consultant","True",7200,1,"Senior Engineer II",23.39,"GlobalLogic India BG"
"90","4a7069e1d021aa73d93630b5f26f750f",56,"SC16","Program Director","UK&I","Client Engagement","Director","False",28485,1,"Program Manager",15.48,"GlobalLogic UK BG"
"91","4bbc93c0dbb8b180c290dc8f7437a6a2",248,"CONT","Senior Analyst","India","Engineering","Consultant","False",7057,1,"Senior Analyst I",21,"GlobalLogic India BG"
"92","4c5837f7f38c39ce66720188a7dd106b",252,"TB10","Business Analyst","India","Business Solutions","Consultant","False",4893,1,"Analyst I",21,"GlobalLogic India BG"
"93","4cb436ec4aead6bac7650bd581cb5807",95,"TB12","Principal Engineer","India","Business Solutions","Senior Consultant","False",9416,1,"Principal Engineer",27.25,"GlobalLogic India BG"
"94","4cee924505df3ea08870882148b178e0",322,"TE10","Senior Engineer II","India","Engineering","Consultant","True",7200,1,"Senior Engineer II",23.39,"GlobalLogic India BG"
"95","4f1dacac70b2b85d8f47694ed4aebaad",314,"CONT","Senior Engineer I","EU: Cro / Pol / Slo / Rom","Business Solutions","","False",9084,1,"Senior Engineer I",23.39,"GlobalLogic Poland BG"
"96","4f5f868916748d53327fe058f8bfe87c",133,"TE08","Engineer II","India","Engineering","Associate Consultant","True",6300,1,"Engineer II",23.39,"GlobalLogic India BG"
"97","4faffaa5188d24d067021d8e5292d1fc",316,"TT12","Principal Analyst I","India","Quality Assurance","Senior Consultant","True",9300,1,"Principal Analyst",27.25,"GlobalLogic India BG"
"98","514b371ff501cfc3ec20369be7e771d3",94,"TE10","Lead Engineer","India","Engineering","Consultant","True",7200,1,"Principal Engineer",27.25,"GlobalLogic India BG"
"99","51f2743ac00ff1612b5a9806bd4b3059",86,"TB08","Technical Product Owner","India","Business Solutions","Associate Consultant","False",6173,1,"Product Owner",15.48,"GlobalLogic India BG"
"100","5218dc6a3eefb687243be5ecb421dbd0",192,"TB10","Senior Engineer II","India","Business Solutions","Consultant","False",7038,1,"Senior Engineer II",23.39,"GlobalLogic India BG"
"101","52ae4e7c0b21bed848df09443e8c7fbe",235,"TE06","Engineer II","EU: Cro / Pol / Slo / Rom","Engineering","Software Engineer","True",8200,1,"Engineer II",23.39,"GlobalLogic Poland BG"
"102","52ffba56b6c059ef4e6136597e934933",156,"TE08","Principal Engineer","EU: Cro / Pol / Slo / Rom","Engineering","Senior Software Engineer","True",9800,1,"Senior Engineer I",23.39,"GlobalLogic Croatia BG"
"103","53052591b976c16bb93ee1ba2b7f867d",58,"TT10","Senior Analyst II","Non EU: Ukraine","Quality Assurance","Lead Test Engineer","True",8900,1,"Senior Analyst II",21,"GlobalLogic Ukraine BG"
"104","53fe025d178476c62d9a8d430869f148",151,"TE06","Analyst 4 - GTL - CE","India","Engineering","Senior Software Engineer","True",5300,1,"Analyst I",21,"GlobalLogic India BG"
"105","542de2ed3bdd9a944d9e6d790c835a8f",320,"TE10","Senior Engineer II","Non EU: Ukraine","Engineering","Lead Software Engineer","True",9800,1,"Senior Engineer II",23.39,"GlobalLogic Ukraine BG"
"106","554b2b39b83b3213a676d986e2d57ee2",154,"TE06","Engineer II","India","Engineering","Senior Software Engineer","True",5300,1,"Senior Engineer I",23.39,"GlobalLogic India BG"
"107","56251e3a723811ea03f82a55978f2498",335,"TE08","Senior Engineer I","Non EU: Ukraine","Engineering","Senior Software Engineer","True",8600,1,"Senior Engineer I",23.39,"GlobalLogic Ukraine BG"
"108","5831901a0078f77e5553643655a655ec",328,"TT06","Analyst II","India","Quality Assurance","Senior Test Engineer","True",4800,1,"Analyst II",21,"GlobalLogic India BG"
"109","5af0e87c2994b8655522af10579ad41e",54,"SD06","PMO Support","India","Delivery Enablement","Senior Associate","False",9269,1,"Program Manager",15.48,"GlobalLogic India BG"
"110","5b0454c5d242f18eee4198adc560ab15",9,"TE10","ML Engineer","UK&I","Engineering","Lead Software Engineer","True",25000,1,"Data Science Engineer",23.39,"GlobalLogic UK BG"
"111","5b6f273f8d0bcc933ff4612abc53e935",30,"TA10","Senior Engineer II","Non EU: Ukraine","Technology","Architect","True",11500,1,"Senior Engineer II",23.39,"GlobalLogic Ukraine BG"
"112","5f1280992174f42159746600ba20ac63",118,"TD04","Experience Designer","UK&I","Usability and Design","Junior Designer","False",28970,1,"UI/UX Designer",21.21,"GlobalLogic UK BG"
"113","6646570a4b6e45bd08759cc5d857df24",124,"TE08","Senior Engineer II","India","Engineering","Associate Consultant","True",6300,1,"Senior Engineer II",23.39,"GlobalLogic India BG"
"114","66a4e0352d55ecd57479355c529883e3",39,"TE08","Senior Engineer","India","Engineering","Associate Consultant","True",6300,1,"Senior Engineer I",23.39,"GlobalLogic India BG"
"115","686b2ed67d533ccbbe5ef3208ad941c6",150,"TT10","Senior Engineer II","India","Quality Assurance","Senior Lead","True",6700,1,"Senior Engineer II",23.39,"GlobalLogic India BG"
"116","6afb3b88f6ff572c1ae2b95447ea9166",220,"TE16","Principal Engineer","India","Engineering","Director","True",9600,1,"Principal Engineer",27.25,"GlobalLogic India BG"
"117","6c3778761f4a61386c52105893c0f151",254,"TE16","Principal Engineer I","India","Engineering","Principal","True",9600,1,"Principal Engineer",27.25,"GlobalLogic India BG"
"118","6d1b4538e3cd5763d41f90c46249c5c5",309,"TE08","Senior Engineer II","India","Engineering","Associate Consultant","True",6300,1,"Senior Engineer II",23.39,"GlobalLogic India BG"
"119","6d1e5593c937895e1a72a6c018f4b5f5",125,"TE06","Senior Engineer I","India","Engineering","Senior Software Engineer","True",5300,1,"Senior Engineer I",23.39,"GlobalLogic India BG"
"120","6d217d57259953c04c95ddc391071315",231,"TB08","Senior Engineer I","Germany / Sweden","Business Solutions","Senior Analyst","False",23384,1,"Senior Analyst I",21,"GlobalLogic Sweden BG"
"121","6df36bb089c927333ce6768deb20491d",212,"TA12","Principal Analyst","India","Technology","Solution Architect","True",9600,1,"Principal Analyst",27.25,"GlobalLogic India BG"
"122","6f9efc9438ab7f40062e0704f3fb2103",284,"TE10","Principal Engineer","India","Engineering","Consultant","True",7200,1,"Principal Engineer",27.25,"GlobalLogic India BG"
"123","719a533fdb0e9c2c9cba07fd0e371c6f",229,"TE10","Senior Engineer II","India","Engineering","Consultant","True",7200,1,"Senior Engineer II",23.39,"GlobalLogic India BG"
"124","71d00ad1817fee54eec20ef67c33efbf",37,"TE00","Junior Engineer","India","Engineering","Trainee Software Engineer","False",5432,1,"Junior Engineer",23.39,"GlobalLogic India BG"
"125","71f154daf395d8ea79f83ac2739567af",112,"TB10","Business Analyst","UK&I","Business Solutions","Lead Analyst","False",27771,1,"Analyst I",21,"GlobalLogic UK BG"
"126","72b77325171fe01276a5b06438ad77fc",149,"TE10","Principal Engineer I","India","Engineering","Consultant","True",7200,1,"Principal Engineer",27.25,"GlobalLogic India BG"
"127","72c8cffa31fd60ed2a98c324760dd4e9",315,"TE04","Analyst 4 - GTL - CE","India","Engineering","Software Engineer","True",4400,1,"Analyst II",21,"GlobalLogic India BG"
"128","74611ed1b449ebfbd01fcf537fefa646",305,"TE02","Junior Engineer","India","Engineering","Associate Software Engineer","True",4400,1,"Junior Engineer",23.39,"GlobalLogic India BG"
"129","748a45df3c2d48a77120a4d94edbd144",6,"TB06","Business Analyst","India","Business Solutions","Senior Analyst","False",4794,1,"Analyst I",21,"GlobalLogic India BG"
"130","77f50887866193c2d4e7073fd5891111",324,"TE04","Engineer I","India","Engineering","Software Engineer","True",4400,1,"Engineer I",23.39,"GlobalLogic India BG"
"131","7a0b71f4dedbdf5e30af1e22b2581104",93,"TE10","Senior Engineer","India","Engineering","Consultant","True",7200,1,"Principal Engineer",27.25,"GlobalLogic India BG"
"132","7a26a0c9d9f9168649fad0dc06da6408",240,"TE04","Engineer II","India","Engineering","Software Engineer","True",4400,1,"Engineer I",23.39,"GlobalLogic India BG"
"133","7a635749c47466d1926016a4c5fb0f39",138,"TE16","Principal Architect","North America Zone 1*","Engineering","Director","True",32400,1,"Solutions Architect",27.25,"GlobalLogic US BG"
"134","7b20745104892369802303f7b50410bd",206,"TE10","Principal Engineer I","India","Engineering","Consultant","True",7200,1,"Principal Engineer",27.25,"GlobalLogic India BG"
"135","7b532631feec75cd6e1bb1c9ae21583c",49,"TA10","Architect","North America Zone 1*","Technology","Architect","True",32400,1,"Solutions Architect",27.25,"GlobalLogic US BG"
"136","7b5d09be8f0ba14b845f2f3f80d155f0",238,"TT08","Senior Engineer I","EU: Cro / Pol / Slo / Rom","Quality Assurance","Senior Test Engineer","True",8900,1,"Senior Test Engineer I",21,"GlobalLogic Romania BG"
"137","7bab52bb93edc3bf435bddcfd818f138",264,"TE08","Senior Engineer I","Non EU: Ukraine","Engineering","Senior Software Engineer","True",8600,1,"Senior Engineer I",23.39,"GlobalLogic Ukraine BG"
"138","7d3cf1e8828940c3cca3d9f4a53102a5",5,"TE18","Principal Engineer II","India","Engineering","Associate Vice President","True",9600,1,"Principal Engineer",27.25,"GlobalLogic India BG"
"139","7d95810b049c72f33375da0e92c3fa61",323,"TB10","Senior Engineer II","India","Business Solutions","Consultant","False",7038,1,"Senior Engineer II",23.39,"GlobalLogic India BG"
"140","7e9504356f80c5fb55ae6a054f90197a",65,"TA12","Architect","India","Technology","Solution Architect","True",9600,1,"Solutions Architect",27.25,"GlobalLogic India BG"
"141","7ef1c248172fd26ec1e87dbb5a852784",222,"TE12","Project Manager","India","Engineering","Manager","True",9600,1,"Project Manager",15.48,"GlobalLogic India BG"
"142","80606bbcdfed868c677f332c465884f6",172,"TE10","Senior Engineer","India","Engineering","Consultant","True",7200,1,"Principal Engineer",27.25,"GlobalLogic India BG"
"143","80d4b2177bbe2b3a288a8abaa501dbd3",88,"TE08","Engineer","India","Engineering","Associate Consultant","True",6300,1,"Engineer II",23.39,"GlobalLogic India BG"
"144","81c58d39863f2f023d55875665c80ef4",160,"TT08","Senior Engineer","India","Quality Assurance","Associate Consultant","True",5700,1,"Senior Test Engineer II",21,"GlobalLogic India BG"
"145","82a82ad9081b58712ac78f64e82d8e89",42,"CONT","Senior Engineer II","EU: Cro / Pol / Slo / Rom","Engineering","","False",9150,1,"Senior Engineer II",23.39,"GlobalLogic Poland BG"
"146","8369a382e6269aa19d0ca5395de7f764",159,"CONT","Senior Engineer I","EU: Cro / Pol / Slo / Rom","Engineering","","False",9084,1,"Senior Engineer I",23.39,"GlobalLogic Poland BG"
"147","8410725a6f328f2ca752c083592ebc44",228,"TE08","Engineer","India","Engineering","Associate Consultant","True",6300,1,"Engineer II",23.39,"GlobalLogic India BG"
"148","841745461803f3b25725ecb9d7f23557",285,"TE10","Senior Engineer II","India","Engineering","Consultant","True",7200,1,"Senior Engineer II",23.39,"GlobalLogic India BG"
"149","84cb49fc66a0558acbb730c9d0dfa021",194,"TE08","Senior Engineer I","Non EU: Ukraine","Engineering","Senior Software Engineer","True",8600,1,"Senior Engineer I",23.39,"GlobalLogic Ukraine BG"
"150","84e0dfffa057b213a68048f4cc3b7cb4",177,"TE04","Engineer","India","Engineering","Software Engineer","True",4400,1,"Engineer I",23.39,"GlobalLogic India BG"
"151","853892a4adf9acb7321323c563fa6a26",85,"TB08","Senior Analyst I","Non EU: Ukraine","Business Solutions","Senior Analyst","False",9622,1,"Senior Analyst I",21,"GlobalLogic Ukraine BG"
"152","869c5ea6016da615ec17e265dab08707",268,"TA14","Principal Engineer","India","Technology","Senior Solution Architect","True",9600,1,"Principal Engineer",27.25,"GlobalLogic India BG"
"153","888d6beb6cce53ce19a0210409901491",50,"TE10","Senior Engineer I","India","Engineering","Consultant","True",7200,1,"Senior Engineer I",23.39,"GlobalLogic India BG"
"154","889984aa3f103704c30b4a7d827681ef",303,"CE02","Engineer","India","Content Engineering","Associate Analyst","False",5562,1,"Engineer I",23.39,"GlobalLogic India BG"
"155","88d39f5b911be689c51ceac155915480",209,"TE06","Engineer I","India","Engineering","Senior Software Engineer","True",5300,1,"Senior Engineer I",23.39,"GlobalLogic India BG"
"156","89d2084f23e97338905f2e2bb8b2a83f",168,"TA12","Senior Tech Architect","India","Technology","Solution Architect","True",9600,1,"Solutions Architect",27.25,"GlobalLogic India BG"
"157","8a161653c695c2a2b1ae9483697c3a23",189,"TE10","Data Science Engineer","UK&I","Engineering","Lead Software Engineer","True",25000,1,"Data Science Engineer",23.39,"GlobalLogic UK BG"
"158","8ac151cd14a525c5109bc7d88c5dac5b",182,"TE10","Engineer II","India","Engineering","Consultant","True",7200,1,"Engineer II",23.39,"GlobalLogic India BG"
"159","8b250aaa9222ed5432a9cb8c1add77e1",90,"TE18","Principal Engineer","Non EU: Ukraine","Engineering","Associate Vice President","True",11500,1,"Principal Engineer",27.25,"GlobalLogic Ukraine BG"
"160","8b6b08db842d7760bd1bcd804b5fe275",200,"TE08","Senior Engineer I","Non EU: Ukraine","Engineering","Senior Software Engineer","True",8600,1,"Senior Engineer I",23.39,"GlobalLogic Ukraine BG"
"161","8c7d59c146632f8994df7f5b1d2d2e7c",262,"TT08","Senior Analyst II","India","Quality Assurance","Associate Consultant","True",5700,1,"Senior Analyst II",21,"GlobalLogic India BG"
"162","8c8f5240e6b1ecead0a0ad1ea051dda3",121,"TE14","Data Science Engineer","UK&I","Engineering","Senior Consultant","True",30600,1,"Data Science Engineer",23.39,"GlobalLogic UK BG"
"163","8d9d60c8420c1dcd22a4fe1a59b1af1a",127,"TE08","Principal Engineer I","India","Engineering","Associate Consultant","True",6300,1,"Principal Engineer",27.25,"GlobalLogic India BG"
"164","8f164ad3eb21b1cf534927a3665278a0",74,"TA14","Solution Architect","India","Technology","Senior Solution Architect","True",9600,1,"Solutions Architect",27.25,"GlobalLogic India BG"
"165","8f7a527edeff0a6dcdc262369d994b54",130,"TT08","Senior Analyst I","Non EU: Ukraine","Quality Assurance","Senior Test Engineer","True",8100,1,"Senior Analyst I",21,"GlobalLogic Ukraine BG"
"166","90465b5c4f92dcd7906aae7521e4f41b",28,"TE06","Engineer II","Non EU: Ukraine","Engineering","Software Engineer","True",7700,1,"Engineer II",23.39,"GlobalLogic Ukraine BG"
"167","90470a564dcaf96eda9aabf6a6fd749b",199,"TT06","Analyst II","Non EU: Ukraine","Quality Assurance","Test Engineer","True",7100,1,"Analyst II",21,"GlobalLogic Ukraine BG"
"168","91446bcd4bb35559c2e327615983ac43",36,"TD14","Staff Product Designer","Mexico","Usability and Design","Senior Specialist Designer","False",7971,1,"UI/UX Designer",21.21,"GlobalLogic Mexico BG"
"169","9237e8e2f7444657336b091857997e46",216,"TE08","Senior Engineer","India","Engineering","Associate Consultant","True",6300,1,"Senior Engineer I",23.39,"GlobalLogic India BG"
"170","93a4f7b80ae4b02fe2f964e6083b3f69",188,"TE10","Senior Engineer I","India","Engineering","Senior Lead","True",7200,1,"Senior Engineer I",23.39,"GlobalLogic India BG"
"171","9465ad5d7dca88c12c6553c9c0a76cc1",307,"TA20","Architect & Expert, Leadership","India","Technology","Vice President","True",9600,1,"Solutions Architect",27.25,"GlobalLogic India BG"
"172","94b69ecff5780bf696408ff9797f04a2",221,"TD10","Visual Designer","India","Usability and Design","Product Experience Specialist","False",8024,1,"UI/UX Designer",21.21,"GlobalLogic India BG"
"173","94c83b76f2b2ced238a785988db876bc",319,"TE08","Senior Engineer I","Non EU: Ukraine","Engineering","Senior Software Engineer","True",8600,1,"Senior Engineer I",23.39,"GlobalLogic Ukraine BG"
"174","959cbb6c027b7b14889675a5d7da8116",180,"TE00","Junior Engineer","India","Engineering","Trainee Software Engineer","False",5432,1,"Junior Engineer",23.39,"GlobalLogic India BG"
"175","96acd12fd96ecb9b812d76b0f97e871f",273,"TE04","Junior Engineer","India","Engineering","Software Engineer","True",4400,1,"Engineer I",23.39,"GlobalLogic India BG"
"176","96ae58acc1b085aa44d7e7ba5a5e8433",15,"TT08","Senior Engineer I","EU: Cro / Pol / Slo / Rom","Quality Assurance","Senior Test Engineer","True",8900,1,"Senior Test Engineer I",21,"GlobalLogic Romania BG"
"177","97582f78e3c483042647bcfcd2d92ba8",325,"TE02","Junior Engineer","India","Engineering","Associate Software Engineer","True",4400,1,"Junior Engineer",23.39,"GlobalLogic India BG"
"178","979b164ac8054438d4f843c0dcce6dc9",290,"TE10","Senior Engineer","India","Engineering","Consultant","True",7200,1,"Principal Engineer",27.25,"GlobalLogic India BG"
"179","983bcd386bf2084dda2bd20b556b298f",45,"TE08","Senior Engineer II","India","Engineering","Associate Consultant","True",6300,1,"Senior Engineer II",23.39,"GlobalLogic India BG"
"180","9865226f1c06344b6298586e7d926a1f",129,"TE06","Senior Engineer I","India","Engineering","Senior Software Engineer","True",5300,1,"Senior Engineer I",23.39,"GlobalLogic India BG"
"181","98cafe4d54258c540b5678526dda32ee",321,"TE08","Senior Engineer I","Non EU: Ukraine","Engineering","Senior Software Engineer","True",8600,1,"Senior Engineer I",23.39,"GlobalLogic Ukraine BG"
"182","9a6a28ca1886f9dd7a592b9760878149",55,"TE10","Senior Engineer II","EU: Cro / Pol / Slo / Rom","Engineering","Lead Software Engineer","True",10900,1,"Senior Engineer II",23.39,"GlobalLogic Poland BG"
"183","9a6bcd08973ac427bea923cb1e792bd1",82,"TW06","Engineer II","India","Technical Writing","Senior Associate","False",6516,1,"Engineer II",23.39,"GlobalLogic India BG"
"184","9acf7a76c9ec96bccbf26b89f16b6d7f",174,"TE06","Senior Engineer","India","Engineering","Senior Software Engineer","True",5300,1,"Senior Engineer I",23.39,"GlobalLogic India BG"
"185","9b20903009c58b862cdbcf53fd82c1c3",111,"CONT","Senior Engineer I","EU: Cro / Pol / Slo / Rom","Engineering","","False",9084,1,"Senior Engineer I",23.39,"GlobalLogic Romania BG"
"186","9b76cbf28c65715ff780dbd4a051c8c9",53,"TT10","Senior Engineer II","India","Quality Assurance","Consultant","True",6700,1,"Senior Engineer II",23.39,"GlobalLogic India BG"
"187","9be66ddf6a1f7c8c18399a10b83ee24f",171,"TE04","Engineer II","India","Engineering","Software Engineer","True",4400,1,"Engineer I",23.39,"GlobalLogic India BG"
"188","9cb58482c8530f05e3bc2233bd6d53c7",87,"TE08","Engineer II","EU: Cro / Pol / Slo / Rom","Engineering","Senior Software Engineer","True",9800,1,"Senior Engineer I",23.39,"GlobalLogic Romania BG"
"189","9ce4704806e9d8f783c1c8c92598e7e5",166,"TE06","Engineer II","EU: Cro / Pol / Slo / Rom","Engineering","Software Engineer","True",8200,1,"Engineer II",23.39,"GlobalLogic Poland BG"
"190","9d878dc4a0a5f45922219d33613ad0f2",122,"TT06","Analyst II","India","Quality Assurance","Senior Test Engineer","True",4800,1,"Analyst II",21,"GlobalLogic India BG"
"191","9d91b4cdb0c337bb4c560f2930e1e0ad",46,"TE12","Principal Engineer II","India","Engineering","Manager","True",9600,1,"Principal Engineer",27.25,"GlobalLogic India BG"
"192","9da8111aaa85ae82365587b9ddd3e97e",146,"TE10","Senior Engineer II","Non EU: Ukraine","Engineering","Lead Software Engineer","True",9800,1,"Senior Engineer II",23.39,"GlobalLogic Ukraine BG"
"193","9dc93d05e6612d77ec32790dca8b8d24",143,"TE10","Senior Engineer II","India","Engineering","Consultant","True",7200,1,"Senior Engineer II",23.39,"GlobalLogic India BG"
"194","9e7b0e831677027026a47c44ae3dcb7e",267,"TT10","Senior Analyst II","India","Quality Assurance","Consultant","True",6700,1,"Senior Analyst II",21,"GlobalLogic India BG"
"195","9e9cc69886c4ad25112d7453d924e312",48,"TE10","Senior Engineer I","India","Engineering","Consultant","True",7200,1,"Senior Engineer I",23.39,"GlobalLogic India BG"
"196","9edbc868c8544857b46e933a947ea195",164,"TA20","Cloud Consultant","North America Zone 1*","Technology","Vice President","True",32400,1,"Solutions Architect",27.25,"GlobalLogic US BG"
"197","a010e06fedf4e90c530144da2dbd35bb",103,"TE08","Senior Engineer","India","Engineering","Associate Consultant","True",6300,1,"Senior Engineer I",23.39,"GlobalLogic India BG"
"198","a060063b502e2f40030097512022cc40",337,"TE08","Senior Engineer I","Non EU: Ukraine","Engineering","Senior Software Engineer","True",8600,1,"Senior Engineer I",23.39,"GlobalLogic Ukraine BG"
"199","a06b3a5732b7253da1ce888f33572c2d",89,"TE06","Engineer II","Non EU: Ukraine","Engineering","Software Engineer","True",7700,1,"Engineer II",23.39,"GlobalLogic Ukraine BG"
"200","a0e33cbd54e18fa9828c3aa3afb34da4",191,"TE04","Engineer","India","Engineering","Software Engineer","True",4400,1,"Engineer I",23.39,"GlobalLogic India BG"
"201","a28519e034817842798a6332de77ba17",41,"TE08","Senior Engineer II","India","Engineering","Associate Consultant","True",6300,1,"Senior Engineer II",23.39,"GlobalLogic India BG"
"202","a3acdc538bf9d9b156c489dd31c71c64",169,"TE04","Engineer","India","Engineering","Software Engineer","True",4400,1,"Engineer I",23.39,"GlobalLogic India BG"
"203","a42d0667ac7db9db9609f13f3b3ab884",247,"TE06","Engineer","India","Engineering","Senior Software Engineer","True",5300,1,"Senior Engineer I",23.39,"GlobalLogic India BG"
"204","a49430ec946f6eee79dafa5a343e1a74",299,"TE12","Principal Engineer","Non EU: Ukraine","Engineering","Consultant","True",11500,1,"Principal Engineer",27.25,"GlobalLogic Ukraine BG"
"205","a509d5a5be45aede2454b29023c61c70",72,"TE08","Engineer II","India","Engineering","Associate Consultant","True",6300,1,"Engineer II",23.39,"GlobalLogic India BG"
"206","a5a787e2ae54f21e864b8533240e67d3",242,"TE04","Engineer I","India","Engineering","Software Engineer","True",4400,1,"Engineer I",23.39,"GlobalLogic India BG"
"207","a71ccb501b94d2459b88dd6458d1682e",293,"TE04","Engineer II","India","Engineering","Software Engineer","True",4400,1,"Engineer I",23.39,"GlobalLogic India BG"
"208","a7ac65dc57c421ec934ba431cb04f127",31,"TB08","Senior Engineer I","Non EU: Ukraine","Business Solutions","Senior Analyst","False",9642,1,"Senior Analyst I",21,"GlobalLogic Ukraine BG"
"209","a7cfbe30dbd0fe6bec07ce0c1abcbb29",277,"TE18","Program Manager III - USA-ON","North America Zone 1*","Engineering","Associate Vice President","True",32400,1,"Program Manager",15.48,"GlobalLogic US BG"
"210","a7e07cb7b2b7ef9ca933ed121f07a881",288,"TT10","Senior Engineer","India","Quality Assurance","Consultant","True",6700,1,"Senior Engineer I",23.39,"GlobalLogic India BG"
"211","a8d2799ba43659789e00906a4c8e612a",140,"TE08","Senior Engineer (LATAM)","Argentina","Engineering","Senior Software Engineer","True",9100,1,"Senior Engineer I",23.39,"GlobalLogic Argentina BG"
"212","a8d71ed73df9934c8eace80bae4506f5",113,"TB10","Business Analyst","UK&I","Business Solutions","Lead Analyst","False",27771,1,"Analyst I",21,"GlobalLogic UK BG"
"213","a94d564a744f075962479dd71d9f2f96",163,"SC14","Senior Program Manager","North America Zone 1*","Client Engagement","Senior Manager","False",30402,1,"Program Manager",15.48,"GlobalLogic US BG"
"214","a96e0922b0e768fce081882bd96f314b",263,"TA14","Principal Engineer I","India","Technology","Senior Solution Architect","True",9600,1,"Principal Engineer",27.25,"GlobalLogic India BG"
"215","aa7466912ffdab4a31cb157a7df81fce",144,"TT08","Engineer II","India","Quality Assurance","Associate Consultant","True",5700,1,"Senior Test Engineer II",21,"GlobalLogic India BG"
"216","ac2df6a6616172d0aabff96089caa0b8",286,"TA22","Chief Architect - USA - ON","North America Zone 1*","Technology","Senior Vice President","True",32400,1,"Solutions Architect",27.25,"GlobalLogic US BG"
"217","af5fb49a5f2bb87e4054a98ca27b3639",173,"TE04","Engineer Nagpur-off","India","Engineering","Software Engineer","True",4400,1,"Engineer I",23.39,"GlobalLogic India BG"
"218","afba2223a5c3e300fdf14d1c2693b85f",272,"TE06","Senior Engineer","India","Engineering","Senior Software Engineer","True",5300,1,"Senior Engineer I",23.39,"GlobalLogic India BG"
"219","b073ff0180ea296d9fd3fb502ffbdc35",219,"TE10","Senior Engineer II","India","Engineering","Consultant","True",7200,1,"Senior Engineer II",23.39,"GlobalLogic India BG"
"220","b0c36d19007d19f579596ecebdf5f800",258,"TE04","Analyst 4 - GTL - CE","India","Engineering","Software Engineer","True",4400,1,"Analyst II",21,"GlobalLogic India BG"
"221","b109eb7bb7face27890a4dc2816bdaad",66,"CONT","Senior Engineer II","EU: Cro / Pol / Slo / Rom","Engineering","","False",9150,1,"Senior Engineer II",23.39,"GlobalLogic Romania BG"
"222","b24b96e5f2533f79cef723a5289cf4a8",152,"TE00","Junior Engineer","India","Engineering","Trainee Software Engineer","False",5432,1,"Junior Engineer",23.39,"GlobalLogic India BG"
"223","b25fd91f61cc630f2bd934f9dd0d9a6c",214,"TE08","Senior Engineer","India","Engineering","Associate Consultant","True",6300,1,"Senior Engineer I",23.39,"GlobalLogic India BG"
"224","b3427b3bcf2bd8f33f60d877df70d6ee",313,"TE06","Engineer II","Non EU: Ukraine","Engineering","Software Engineer","True",7700,1,"Engineer II",23.39,"GlobalLogic Ukraine BG"
"225","b40d42ed522b666bdf78a6cc9617a65c",266,"TT08","Lead Engineer III - Noida-off","India","Quality Assurance","Associate Consultant","True",5700,1,"Senior Test Engineer II",21,"GlobalLogic India BG"
"226","b55179f8fe62f0f302703d21306b1b10",287,"TA14","Principal Engineer II Noida OFF","India","Technology","Senior Solution Architect","True",9600,1,"Principal Engineer",27.25,"GlobalLogic India BG"
"227","b579a143fdfd8dc8f132ab2f438cfd40",208,"TE20","Principal Engineer II","India","Engineering","Vice President","True",9600,1,"Principal Engineer",27.25,"GlobalLogic India BG"
"228","b614d3d2b3b179e1d417b524b231b420",274,"TE04","Senior Engineer I","India","Engineering","Software Engineer","True",4400,1,"Engineer I",23.39,"GlobalLogic India BG"
"229","b621c294ae84c8e269cbbf89ec0e890c",132,"TE12","Product Owner","UK&I","Engineering","Consultant","True",30600,1,"Product Owner",15.48,"GlobalLogic UK BG"
"230","b6e0cf6c20fa7a9b0a24728ce44bfdb4",91,"TE04","Analyst 4 - GTL - CE","India","Engineering","Software Engineer","True",4400,1,"Analyst II",21,"GlobalLogic India BG"
"231","b798098ddb8d1b7278cbd3727e095954",59,"TE10","Data Science Engineer","UK&I","Engineering","Lead Software Engineer","True",25000,1,"Data Science Engineer",23.39,"GlobalLogic UK BG"
"232","b7de9190ce304f403e2411188004c9b1",123,"TE04","Engineer I","India","Engineering","Software Engineer","True",4400,1,"Engineer I",23.39,"GlobalLogic India BG"
"233","b8c258337b91339427ddc2bf3dde94af",137,"TT10","Lead Engineer III Nagpur-off","India","Quality Assurance","Senior Lead","True",6700,1,"Senior Engineer II",23.39,"GlobalLogic India BG"
"234","ba700370e862a9c478a5633f9d981450",298,"TDB16","Principal Business Strategy","North America Zone 1*","Business Design","Principal","False",29342,1,"Principal Analyst",27.25,"GlobalLogic US BG"
"235","ba76c05637e00b8aefffaba3933cd5ea",181,"TE14","Principal Engineer","Germany / Sweden","Engineering","Senior Manager","True",25400,1,"Principal Engineer",27.25,"GlobalLogic Sweden BG"
"236","ba795be25a157592534ea7556d47a811",269,"TE10","Senior Engineer I","India","Engineering","Consultant","True",7200,1,"Senior Engineer I",23.39,"GlobalLogic India BG"
"237","bb68855fe10ba3d95a3cc9076c1f0df5",115,"TT10","Principal Analyst I","India","Quality Assurance","Consultant","True",6700,1,"Principal Analyst",27.25,"GlobalLogic India BG"
"238","bd11abf9bcb56395822a5bb07e6e39a0",217,"TE10","Senior Engineer","India","Engineering","Consultant","True",7200,1,"Principal Engineer",27.25,"GlobalLogic India BG"
"239","bdeafc56928d534cb8fc5424b0aba660",326,"TE04","Analyst 4 - GTL - CE","India","Engineering","Software Engineer","True",4400,1,"Analyst II",21,"GlobalLogic India BG"
"240","bfb12bd494765e1acb094316a75ebd15",71,"TD12","Principal Engineer","Non EU: Ukraine","Usability and Design","Specialist Designer","False",8654,1,"UI/UX Designer",21.21,"GlobalLogic Ukraine BG"
"241","bfda6709345ac79e6a7809e660e744a8",289,"TE10","Senior Engineer II","India","Engineering","Consultant","True",7200,1,"Senior Engineer II",23.39,"GlobalLogic India BG"
"242","bffb1b2cd367bad8be9a582409620d1b",241,"TE08","Senior Engineer II","India","Engineering","Associate Consultant","True",6300,1,"Senior Engineer II",23.39,"GlobalLogic India BG"
"243","c004fabbc03ade6c3d4b128277f50650",119,"TA14","Principal Engineer","India","Technology","Senior Solution Architect","True",9600,1,"Principal Engineer",27.25,"GlobalLogic India BG"
"244","c1bb47415b592449e2980e80c4310e90",291,"TE08","Senior Engineer I","Non EU: Ukraine","Engineering","Senior Software Engineer","True",8600,1,"Senior Engineer I",23.39,"GlobalLogic Ukraine BG"
"245","c1f56a5139aabcfa4712a74ad1f96ab4",270,"TD10","Visual Designer","India","Usability and Design","Product Experience Specialist","False",8024,1,"UI/UX Designer",21.21,"GlobalLogic India BG"
"246","c2566b94afb42635da290d6aa37f3d99",17,"TT06","Quality Assurance Analyst","India","Quality Assurance","Senior Test Engineer","True",4800,1,"Analyst II",21,"GlobalLogic India BG"
"247","c29448ac28dbdfb13abd4148e0c9fad6",310,"TE04","Engineer","India","Engineering","Software Engineer","True",4400,1,"Engineer I",23.39,"GlobalLogic India BG"
"248","c4486bbbc3f3fe1a0196308774212067",327,"TE08","Senior Engineer I","Non EU: Ukraine","Engineering","Senior Software Engineer","True",8600,1,"Senior Engineer I",23.39,"GlobalLogic Ukraine BG"
"249","c50be2eb714295d9ee1a577dc651a40f",255,"TE14","Principal Engineer","India","Engineering","Senior Manager","True",9600,1,"Principal Engineer",27.25,"GlobalLogic India BG"
"250","c5f1800e5071bb5ebca2dd948f177801",104,"TD16","Principal Experience Designer","UK&I","Usability and Design","Director","False",27971,1,"UI/UX Designer",21.21,"GlobalLogic UK BG"
"251","c63e994c7346e203a6ff316c61e7f3a0",193,"TT06","Analyst II","Non EU: Ukraine","Quality Assurance","Test Engineer","True",7100,1,"Analyst II",21,"GlobalLogic Ukraine BG"
"252","c7a5bd9f41031588e4b9b610af9e7b97",246,"TE10","Senior Engineer II","Non EU: Ukraine","Engineering","Lead Software Engineer","True",9800,1,"Senior Engineer II",23.39,"GlobalLogic Ukraine BG"
"253","c82ea652095e6db63bb52df9a86610b0",19,"TT10","Offshore Team Lead","India","Quality Assurance","Consultant","True",6700,1,"Senior Engineer II",23.39,"GlobalLogic India BG"
"254","c944057db59ead0f36cb495e180166a6",245,"TE08","Senior Engineer I","Non EU: Ukraine","Engineering","Senior Software Engineer","True",8600,1,"Senior Engineer I",23.39,"GlobalLogic Ukraine BG"
"255","c9ab817c975b12a804bbbb1eb90c914b",259,"TW10","Senior Engineer","India","Technical Writing","Consultant","False",6700,1,"Senior Engineer II",23.39,"GlobalLogic India BG"
"256","c9dda4060c01060f471c7b6e97627a6d",187,"TA10","Senior Engineer II Argentina-off","Argentina","Technology","Architect","True",12800,1,"Senior Engineer II",23.39,"GlobalLogic Argentina BG"
"257","ca6e7061f19a52c4ac08ea87a5f23822",300,"TE08","Senior Engineer I","Non EU: Ukraine","Engineering","Senior Software Engineer","True",8600,1,"Senior Engineer I",23.39,"GlobalLogic Ukraine BG"
"258","caa01f7c31d034e7495bf25ca1ef312f",250,"TE10","Senior Engineer I","India","Engineering","Consultant","True",7200,1,"Senior Engineer I",23.39,"GlobalLogic India BG"
"259","cb07f5a558494e1978517632aa6cfa66",190,"TE04","Trainee Software Engineer","India","Engineering","Software Engineer","True",4400,1,"Engineer I",23.39,"GlobalLogic India BG"
"260","cb3ef4cbe2742c87f20e3f81ae2e2e1f",308,"TE08","Senior Engineer I","Non EU: Ukraine","Engineering","Senior Software Engineer","True",8600,1,"Senior Engineer I",23.39,"GlobalLogic Ukraine BG"
"261","cb43e95078be9dcce0ba2b3c5b2e05d4",33,"TE10","Senior Engineer II","EU: Cro / Pol / Slo / Rom","Engineering","Lead Software Engineer","True",10900,1,"Senior Engineer II",23.39,"GlobalLogic Slovakia BG"
"262","cbed19331583a862c440473dbef30a6e",318,"TA12","Principal Engineer","Non EU: Ukraine","Technology","Solution Architect","True",11500,1,"Principal Engineer",27.25,"GlobalLogic Ukraine BG"
"263","cc6155822e974af0c46c575bafd900d7",26,"TE06","Engineer II","Non EU: Ukraine","Engineering","Software Engineer","True",7700,1,"Engineer II",23.39,"GlobalLogic Ukraine BG"
"264","ccfcd3776d2390cf777de38c1496dc17",27,"TE10","Senior Engineer I","Non EU: Ukraine","Engineering","Lead Software Engineer","True",9800,1,"Senior Engineer I",23.39,"GlobalLogic Ukraine BG"
"265","cd3cd6ebecc07dfec05d2f2a508954bb",184,"TE08","Senior Engineer I","Non EU: Ukraine","Engineering","Senior Software Engineer","True",8600,1,"Senior Engineer I",23.39,"GlobalLogic Ukraine BG"
"266","cd7baccb52bcf95dce95b8d4ead7182c",203,"TT08","Senior Engineer II","India","Quality Assurance","Associate Consultant","True",5700,1,"Senior Engineer II",23.39,"GlobalLogic India BG"
"267","cd810b20e8d572436a7be2b1a1c29245",210,"TE06","Engineer II","EU: Cro / Pol / Slo / Rom","Engineering","Software Engineer","True",8200,1,"Engineer II",23.39,"GlobalLogic Croatia BG"
"268","ce3adfcfc61680191627ff9907b7c74c",225,"TE12","Senior Engineer II","EU: Cro / Pol / Slo / Rom","Engineering","Consultant","True",12900,1,"Senior Engineer II",23.39,"GlobalLogic Croatia BG"
"269","ce47cdca86d185ae3eb294f93b8ee633",40,"TE08","Senior Engineer I","Non EU: Ukraine","Engineering","Senior Software Engineer","True",8600,1,"Senior Engineer I",23.39,"GlobalLogic Ukraine BG"
"270","ce5d82bb2a440b906219bd031c6b0196",211,"TE08","Senior Engineer I","Non EU: Ukraine","Engineering","Senior Software Engineer","True",8600,1,"Senior Engineer I",23.39,"GlobalLogic Ukraine BG"
"271","cfeddb1b47b1b3e9a37ae5277ee3c1ad",106,"TE06","Senior Engineer (LATAM)","Argentina","Engineering","Software Engineer","True",7300,1,"Engineer II",23.39,"GlobalLogic Argentina BG"
"272","cfee419d884659f6e58211dc4e42b7f7",331,"TE10","Senior Engineer","India","Engineering","Consultant","True",7200,1,"Principal Engineer",27.25,"GlobalLogic India BG"
"273","d02579dd9a914ee2ecc39287d8b87cd5",296,"TE08","Senior Engineer II","India","Engineering","Associate Consultant","True",6300,1,"Senior Engineer II",23.39,"GlobalLogic India BG"
"274","d089ae330bf9ee3e9d6c7f1e8d939417",75,"TE14","Project Manager","India","Engineering","Senior Manager","True",9600,1,"Project Manager",15.48,"GlobalLogic India BG"
"275","d0cd6b42e8f816bc39f68e97eb66f478",97,"TE08","Senior Engineer I","EU: Cro / Pol / Slo / Rom","Engineering","Senior Software Engineer","True",9800,1,"Senior Engineer I",23.39,"GlobalLogic Romania BG"
"276","d0ee600b92d9d97217e8d18159a9b98b",162,"TT04","Undefined","India","Quality Assurance","Test Engineer","True",4100,1,"Engineer I",23.39,"GlobalLogic India BG"
"277","d299b097c09b719d81b3cc0657c4e9e5",13,"TE14","Devops","UK&I","Engineering","Senior Consultant","True",30600,1,"Devops",23.39,"GlobalLogic UK BG"
"278","d3dafdf2a29536d3fe8f57f61c12cfe2",68,"TT06","Quality Assurance Analyst II","India","Quality Assurance","Senior Test Engineer","True",4800,1,"Analyst II",21,"GlobalLogic India BG"
"279","d44f881695b7831eb54dd578372b584c",117,"TE08","Senior Engineer","India","Engineering","Associate Consultant","True",6300,1,"Senior Engineer I",23.39,"GlobalLogic India BG"
"280","d51b4270da0a8cc2ecb1f9f385440995",186,"TB12","Senior Engineer I","India","Business Solutions","Senior Consultant","False",7116,1,"Senior Engineer I",23.39,"GlobalLogic India BG"
"281","d5261489f0f25648a6851a7f137e5a8d",73,"TA14","Principal Engineer - OFF","India","Technology","Senior Solution Architect","True",9600,1,"Principal Engineer",27.25,"GlobalLogic India BG"
"282","d569a68b9a31e629cf6ea4495b6855d1",227,"TE10","Undefined","India","Engineering","Consultant","True",7200,1,"Senior Engineer II",23.39,"GlobalLogic India BG"
"283","d643d1acad660a3a6cbc34d3f3c3e890",44,"TE08","Senior Engineer I","Non EU: Ukraine","Engineering","Senior Software Engineer","True",8600,1,"Senior Engineer I",23.39,"GlobalLogic Ukraine BG"
"284","d7928f15e3c165086fccd5aa2a7fee6d",207,"TE08","Senior Engineer","India","Engineering","Associate Consultant","True",6300,1,"Senior Engineer I",23.39,"GlobalLogic India BG"
"285","d7a71c0f7498202b0f48f482486171f3",110,"TE06","Engineer II","Non EU: Ukraine","Engineering","Software Engineer","True",7700,1,"Engineer II",23.39,"GlobalLogic Ukraine BG"
"286","d7bab83fecaeecc8af0ea7256952d6a6",215,"TE10","Support Manager","India","Engineering","Consultant","True",7200,1,"Scrum Master",15.48,"GlobalLogic India BG"
"287","d9288b7479cc8b8bccbbcadbc562cd1e",84,"TE10","Senior Engineer II","EU: Cro / Pol / Slo / Rom","Engineering","Lead Software Engineer","True",10900,1,"Senior Engineer II",23.39,"GlobalLogic Poland BG"
"288","da8aa50df2732fc8d5b3087b1caa51ad",52,"TB08","Product Owner","India","Business Solutions","Associate Consultant","False",6270,1,"Product Owner",15.48,"GlobalLogic India BG"
"289","de10363d1cb47bd18f3ff6c94612c1e1",230,"TE12","Principal Engineer I","India","Engineering","Manager","True",9600,1,"Principal Engineer",27.25,"GlobalLogic India BG"
"290","de782c3f1f9a1cc5e5f4ecae48b80075",109,"TE06","Senior Engineer I","Non EU: Ukraine","Engineering","Software Engineer","True",7700,1,"Engineer II",23.39,"GlobalLogic Ukraine BG"
"291","de868b9f6d75ce12c210d932ad09874e",312,"TE10","Senior Engineer II","Non EU: Ukraine","Engineering","Lead Software Engineer","True",9800,1,"Senior Engineer II",23.39,"GlobalLogic Ukraine BG"
"292","dfb6143c15937b421d3a98f88b7af0ec",131,"TB12","Principal Engineer","Non EU: Ukraine","Business Solutions","Consultant","False",10547,1,"Principal Engineer",27.25,"GlobalLogic Ukraine BG"
"293","e0b05197c222ae5b48d3e5f8933bc46a",38,"TT08","Senior Test Engineer","India","Quality Assurance","Associate Consultant","True",5700,1,"Senior Test Engineer II",21,"GlobalLogic India BG"
"294","e0c08cca850a6949732c591e80349c49",176,"TT06","Test Engineer","India","Quality Assurance","Senior Test Engineer","True",4800,1,"Analyst II",21,"GlobalLogic India BG"
"295","e111e0525dc36d87770d7f1e7acaed99",96,"TA12","Principal Engineer I","India","Technology","Solution Architect","True",9600,1,"Principal Engineer",27.25,"GlobalLogic India BG"
"296","e1c94da97825975287f2806a245af8ba",260,"TA16","Principal Engineer","India","Technology","Principal Architect","True",9600,1,"Principal Engineer",27.25,"GlobalLogic India BG"
"297","e1c9fc089306d6734d15355beb0dc9e7",32,"TE08","Senior Engineer I","Non EU: Ukraine","Engineering","Senior Software Engineer","True",8600,1,"Senior Engineer I",23.39,"GlobalLogic Ukraine BG"
"298","e309880d237475afcdf129d193a82597",4,"TA12","Principal Engineer I","India","Technology","Solution Architect","True",9600,1,"Principal Engineer",27.25,"GlobalLogic India BG"
"299","e34df243283c9fb80b8249bce0032175",11,"TE14","Technical Project Manager","North America Zone 1*","Engineering","Senior Manager","True",32400,1,"Project Manager",15.48,"GlobalLogic US BG"
"300","e350870aea7cdab268e152d41d96b906",205,"TE08","Senior Engineer (LATAM)","Argentina","Engineering","Senior Software Engineer","True",9100,1,"Senior Engineer I",23.39,"GlobalLogic Argentina BG"
"301","e5880a2b8bbe199b01a84ebd5ccaf4d8",236,"TE08","Senior Test Engineer","India","Engineering","Associate Consultant","True",6300,1,"Senior Engineer I",23.39,"GlobalLogic India BG"
"302","e5e8bbe3fcf9f3d71c03d66415a54389",134,"TE04","Engineer I","EU: Cro / Pol / Slo / Rom","Engineering","Junior Software Engineer","True",7100,1,"Engineer I",23.39,"GlobalLogic Croatia BG"
"303","e64c08788776fc704dade5e7f86fca5e",243,"TW10","Senior Engineer","India","Technical Writing","Consultant","False",6700,1,"Senior Engineer II",23.39,"GlobalLogic India BG"
"304","e8ac9c0948d43ed4a853e9032fc3a2e9",223,"TE08","Senior Engineer","India","Engineering","Associate Consultant","True",6300,1,"Senior Engineer I",23.39,"GlobalLogic India BG"
"305","ea28a9ba17d9c37562277945c3a1457c",283,"TPM08","Staff Product Manager","North America Zone 1*","Product Management","Senior Product Manager","False",32176,1,"Scrum Master",15.48,"GlobalLogic US BG"
"306","ea79072b00eb415dbb4481538282454c",244,"TE04","Junior Engineer","India","Engineering","Software Engineer","True",4400,1,"Engineer I",23.39,"GlobalLogic India BG"
"307","ec37bf4657b74df208171a23f3d2a5d4",21,"TA16","Principal Engineer II","India","Technology","Principal Architect","True",9600,1,"Principal Engineer",27.25,"GlobalLogic India BG"
"308","ec6ffefeaebeab944ebf3341a01d5f31",64,"TE06","Analyst","North America Zone 1*","Engineering","Software Engineer","True",22500,1,"Analyst I",21,"GlobalLogic US BG"
"309","eec74c56cd18e47a504ce6b15bcbace1",1,"TE08","Senior Engineer I","India","Engineering","Associate Consultant","True",6300,1,"Senior Engineer I",23.39,"GlobalLogic India BG"
"310","f0047f4295c82f8235d32b8195c503a1",153,"TE14","Program Manager","UK&I","Engineering","Senior Consultant","True",30600,1,"Program Manager",15.48,"GlobalLogic UK BG"
"311","f0fa50082909b6241bfb4fab93ad5cb3",128,"TB10","Senior Engineer II","India","Business Solutions","Consultant","False",7038,1,"Senior Engineer II",23.39,"GlobalLogic India BG"
"312","f148e1a76b54c9c4a0e8db8d7e43ca22",63,"TE02","Junior Engineer","India","Engineering","Associate Software Engineer","True",4400,1,"Junior Engineer",23.39,"GlobalLogic India BG"
"313","f246b17baecdfcffecea2d2aaae5b60e",202,"TE00","Engineer","North America Zone 1*","Engineering","Trainee Software Engineer","False",28992,1,"Junior Engineer",23.39,"GlobalLogic US BG"
"314","f3e584b9c0d2de7678444c2cfda4aea4",3,"TB10","Principal Engineer I","India","Business Solutions","Consultant","False",7297,1,"Principal Engineer",27.25,"GlobalLogic India BG"
"315","f418f78026aa59f0df06ca4eb353d617",239,"TE08","Senior Engineer","India","Engineering","Associate Consultant","True",6300,1,"Senior Engineer I",23.39,"GlobalLogic India BG"
"316","f435f2e06abec8a72f013021899f6d17",275,"TE02","Junior Engineer","India","Engineering","Associate Software Engineer","True",4400,1,"Junior Engineer",23.39,"GlobalLogic India BG"
"317","f4fec475771f81ecc430cfb7bdf2bdb5",336,"TT08","Senior Analyst I","Non EU: Ukraine","Quality Assurance","Senior Test Engineer","True",8100,1,"Senior Analyst I",21,"GlobalLogic Ukraine BG"
"318","f54d90109c7f3f0b4d1bc88ccf866ae8",62,"TE10","Senior Engineer II","India","Engineering","Senior Lead","True",7200,1,"Senior Engineer II",23.39,"GlobalLogic India BG"
"319","f5d3b2d6992dae9bb44309a95910cc72",178,"TE10","Principal Engineer II","India","Engineering","Consultant","True",7200,1,"Principal Engineer",27.25,"GlobalLogic India BG"
"320","f67b54a56645c688e87fdfbfc7d0bc32",280,"TE06","Engineer II","Non EU: Ukraine","Engineering","Software Engineer","True",7700,1,"Engineer II",23.39,"GlobalLogic Ukraine BG"
"321","f6e6959c5cb59816c23644967d49f88d",253,"TE12","Senior Engineer II","EU: Cro / Pol / Slo / Rom","Engineering","Manager","True",12900,1,"Senior Engineer II",23.39,"GlobalLogic Croatia BG"
"322","f74fd6843e002966f2eb1d4f5287ad4e",213,"TE12","Senior Engineer II","EU: Cro / Pol / Slo / Rom","Engineering","Manager","True",12900,1,"Senior Engineer II",23.39,"GlobalLogic Poland BG"
"323","f8dfc1d3868a0bb16491144433abe668",161,"TE08","Senior Engineer I","India","Engineering","Associate Consultant","True",6300,1,"Senior Engineer I",23.39,"GlobalLogic India BG"
"324","f90b4f57323a88490bbf5eaa04a68977",61,"TE08","Senior Engineer","India","Engineering","Associate Consultant","True",6300,1,"Senior Engineer I",23.39,"GlobalLogic India BG"
"325","f91cacc5cde3209297a152f9bc7b9ed6",185,"TE10","Senior Engineer II","Non EU: Ukraine","Engineering","Lead Software Engineer","True",9800,1,"Senior Engineer II",23.39,"GlobalLogic Ukraine BG"
"326","fab774fae42a5aa7f3300784fde00ea3",226,"TE10","Senior Engineer","India","Engineering","Consultant","True",7200,1,"Principal Engineer",27.25,"GlobalLogic India BG"
"327","fb910d4f56c60bc7f79a0c503cadfc8f",306,"TB14","Principal Engineer","India","Business Solutions","Specialist","False",9259,1,"Principal Engineer",27.25,"GlobalLogic India BG"
"328","fbb6d210df90c9c3c74114fc4ba1b63b",165,"TE00","Analyst I","EU: Cro / Pol / Slo / Rom","Engineering","Trainee Software Engineer","False",7525,1,"Analyst I",21,"GlobalLogic Poland BG"
"329","fcaf086d859b00b4dba7e8dc851565c6",145,"TE08","Senior Engineer I","Non EU: Ukraine","Engineering","Senior Software Engineer","True",8600,1,"Senior Engineer I",23.39,"GlobalLogic Ukraine BG"
"330","fcb66dabdbc1ea592435dd32df4f3e80",22,"TW12","Senior Analyst II","India","Technical Writing","Senior Consultant","False",7040,1,"Senior Analyst II",21,"GlobalLogic India BG"
"331","fdcfc6dd6d8e08fc85673dcdb670a98e",51,"TE08","Senior Engineer II","India","Engineering","Associate Consultant","True",6300,1,"Senior Engineer II",23.39,"GlobalLogic India BG"
"332","fde397439ad95b8cfda5dfe3f03ffe5d",233,"TE14","Principal Engineer II","India","Engineering","Senior Manager","True",9600,1,"Principal Engineer",27.25,"GlobalLogic India BG"
"333","ff550648dc55f1b1b51317391dbd7f8c",83,"TE06","Engineer II","India","Engineering","Senior Software Engineer","True",5300,1,"Senior Engineer I",23.39,"GlobalLogic India BG"
"334","ff6123cef14f0961272101263fd325b0",23,"TB06","Senior Engineer I","EU: Cro / Pol / Slo / Rom","Business Solutions","Analyst","False",11565,1,"Senior Engineer I",23.39,"GlobalLogic Romania BG"
"335","ff8997efc0abd9672dba0acf01c447ab",183,"TW06","Engineer II","Non EU: Ukraine","Technical Writing","Specialist","False",7767,1,"Engineer II",23.39,"GlobalLogic Ukraine BG"
"336","ffa9ff96b48e939a61da5b863077c4a6",126,"TDB12","Senior Business Strategy","Mexico","Business Design","Staff Business Designer","False",7255,1,"UI/UX Designer",21.21,"GlobalLogic Mexico BG"
"337","ffec1040ddd3674fda76083f2f3703d8",196,"TB12","Principal Engineer","Non EU: Ukraine","Business Solutions","Consultant","False",10547,1,"Principal Engineer",27.25,"GlobalLogic Ukraine BG"
